{"sane": true, "normalizes": true, "log_prob": -1288.2951393425465, "avg_log_prob": -2.5765902786850927, "perplexity": 13.152216225540334}